{"fuel": {"density": 841.9, "compressive_elasticity": 1000000.0, "flow_rate": 0.001, "acoustic_c": 2000, "tank_length": 1.0789190536751725, "liq_volume": 0.06933117626271763, "liq_mass": 58.36991729558198, "cylindrical_tank_thickness": 0.007124999999999999, "cylinder_mass": 19.56179138252578, "end_thickness": 0.0041777900625, "end_cap_mass": 1.5946771200837389, "dry_mass": 21.156468502609517, "total_mass": 79.5263857981915}, "oxidiser": {"density": 1001.2, "compressive_elasticity": 1000000.0, "flow_rate": 0.009, "acoustic_c": 2000, "tank_length": 6.65319048087655, "liq_mass": 428.04606016760107, "cylindrical_tank_thickness": 0.007124999999999999, "cylinder_mass": 120.6284417461932, "end_thickness": 0.0041777900625, "end_cap_mass": 1.5946771200837389, "dry_mass": 122.22311886627695, "total_mass": 550.269179033878}, "material": {"youngs": 68000000000.0, "poissons": 0.33, "material_density": 2700, "yield_stress": 56000000.0, "ultimate_stress": 170000000.0, "max_delta_p": 2000000.0}, "other": {"a": 0.15, "k": 1, "mixture_ratio": 0.9}}