{"fuel": {"density": 841.9, "compressive_elasticity": 1000000.0, "flow_rate": 0.001, "acoustic_c": 2000, "tank_length": 3.024775042919029, "liq_volume": 0.20362737971991798, "liq_mass": 171.43389098619895, "cylindrical_tank_thickness": 0.007124999999999999, "cylinder_mass": 54.84194404306691, "end_thickness": 0.0041777900625, "end_cap_mass": 1.5946771200837389, "dry_mass": 56.43662116315065, "total_mass": 227.8705121493496, "end_cap_volume": 0.0005906211555865699, "total_material_volume": 0.02090245228264839, "total_tank_volume": 0.22452983200256635}, "oxidiser": {"density": 1001.2, "compressive_elasticity": 1000000.0, "flow_rate": 0.009, "acoustic_c": 2000, "tank_length": 18.6523766113789, "liq_mass": 1257.1818672321256, "liq_volume": 1.2556750571635293, "cylindrical_tank_thickness": 0.007124999999999999, "cylinder_mass": 338.1846847705675, "end_thickness": 0.0041777900625, "end_cap_mass": 1.5946771200837389, "dry_mass": 339.7793618906513, "total_mass": 1596.9612291227768, "end_cap_volume": 0.0005906211555865699, "total_material_volume": 0.1258442081076486, "total_tank_volume": 1.381519265271178}, "material": {"youngs": 68000000000.0, "poissons": 0.33, "material_density": 2700, "yield_stress": 56000000.0, "ultimate_stress": 170000000.0, "max_delta_p": 2000000.0}, "other": {"a": 0.15, "k": 1}}