{"fuel": {"tank_length": 0.25051965288347106, "liq_mass": 13.553205284414753, "cylindrical_tank_thickness": 0.007124999999999999, "cylinder_mass": 4.542150933599742, "end_thickness": 0.0041777900625, "end_cap_mass": 1.5946771200837389, "total_mass": 19.69003333809823}, "oxidiser": {"tank_length": 1.5945274593735648, "liq_mass": 99.39017208570817, "cylindrical_tank_thickness": 0.007124999999999999, "cylinder_mass": 28.910244385549028, "end_thickness": 0.0041777900625, "end_cap_mass": 1.5946771200837389, "total_mass": 129.89509359134092}, "material": {"youngs": 68000000000.0, "poissons": 0.33, "material_density": 2700, "yield_stress": 56000000.0, "ultimate_stress": 170000000.0, "max_delta_p": 2000000.0}, "other": {"a": 0.15, "k": 1}}